hemi,x,y,size,beta,baseline,r2,ecc,polar,index,position,normal
L,1.7245908876120628,-1.9242197474018614,0.7617252689047578,1.3308297717972346,-0.03197779444288619,0.8900606022250817,2.583957307295507,-0.8400543394875013,646,[-20.9   -83.389  -9.735],[0.542 0.84  0.033]
