hemi,x,y,size,beta,baseline,r2,ecc,polar,index,position,normal
L,5.627793492,0.2950506,1.2364241868,11.048895751429283,-0.04592981971725862,0.36102231499997683,5.218076514889839,0.05237960056274421,2249,[-14.518 -86.769 -20.987],[ 0.755  0.653 -0.063]
