hemi,x,y,size,beta,baseline,r2,ecc,polar,index,position,normal
L,1.270888926776339,-2.6021706550792536,0.6309436133627208,4.724052791467744,-0.06916015189293724,0.8670489570401957,2.8959369437814604,-1.1164751893257894,1742,[-11.84  -87.256 -21.907],[4.861e-01 8.739e-01 6.187e-04]
