x,y,prf_size,prf_ampl,bold_bsl,surr_ampl,surr_size,neur_bsl,surr_bsl,A,B,C,D,ratio (B/D),r2,size ratio,suppression index,ecc,polar,hrf_deriv,hrf_dsip,index,position,normal,hemi,stim_sizes,stim_betas
0.630659062812251,-0.8951400960447613,0.9869966433949944,52.59968359240868,0.0,1.8224618365880467,4.646974427070876,54.90164203626233,91.80948976092047,52.59968359240868,54.90164203626233,1.8224618365880467,91.80948976092047,0.5979952854463167,0.8756432110229949,4.708196788883267,0.7680412125275192,1.0949916187141575,-0.9570320721844043,0.6981990606604913,0.0,836,[-23.107914 -82.17804   -9.435358],[-0.73770588 -0.55668828  0.38195312],L,[2.39207898 7.67983253],[-0.57774186 13.67446859]
-2.0745018012043093,-0.058984725731147554,1.0385458839582142,4.496493291667242,0.0,0.632441293050352,1.7200047539986885,6.165027790754038,7.535763752941695,4.496493291667242,6.165027790754038,0.632441293050352,7.535763752941695,0.8181025829462115,0.8754072582999274,1.6561663577570855,0.38579285930964924,2.0753401940572305,-3.1131671115809247,1.180353252930233,0.0,128786,[  3.0098302 -76.122055  -11.437888 ],[ 0.14870883 -0.97970907  0.13437194],R,[1.88848341 6.92443916],[-0.61593471  4.57790368]
