x,y,prf_size,prf_ampl,bold_bsl,surr_ampl,surr_size,neur_bsl,surr_bsl,A,B,C,D,ratio (B/D),r2,size ratio,suppression index,ecc,polar,hrf_deriv,hrf_dsip,index,position,normal,hemi,stim_sizes,stim_betas
2.3885566894216277,-0.8165427536615958,0.9259492617810248,80.0,0.0,2.306912252251432,1.1786740095581,238.6228609668125,15.587327867841605,80.0,238.6228609668125,2.306912252251432,15.587327867841605,15.308772805062892,0.8508805928590165,1.272935848872507,0.046725517869756455,2.5242712071285185,-0.32940136267693604,2.395961277033141,0.0,1968,[-16.76038  -82.20697  -40.109955],[ 0.52201086 -0.16596081  0.83663712],L,[1.63668562 5.16185465],[-7.72381846 14.76835512]
-0.40795455328239394,-0.7371491855459075,0.5984859058351636,30.115882630888503,0.0,0.0,17.999885645308158,7.489461001972946e-05,99.97979648213783,30.115882630888503,7.489461001972946e-05,0.0,99.97979648213783,7.490974442332453e-07,0.5301094228498131,30.075705158319515,0.0,0.8425056909569408,-2.0762629719242125,0.7248391317497436,0.0,133942,[ 10.421667 -83.881775 -39.59025 ],[-0.70837292 -0.10035348 -0.69866801],R,[10.07191151 12.4639905 ],[ 0.         16.21773258]
